,Name,RAdeg,DEdeg,GLON,GLAT,ePos,Signi,EF30-100,e_EF30-100,EF100-300,e_EF100-300,F30-100,e_F30-100,F100-300,e_F100-300,Class1,z,Assoc1,Assoc3FGL,AssocCOMP
0,1FLE J2254+1617,343.562622,16.287817,86.282646,-38.105961,0.240857,99.997,2.73247e-10,5.55047e-11,2.50605e-10,5.88184e-11,3.27976e-06,6.66218e-07,1.03992e-06,2.23851e-07,fsrq ,0.859,3FGL J2254.0+1608 ,3FGL J2254.0+1608 ,3C_454.3               
1,1FLE J1512-0913,228.232956,-9.233129,351.193451,40.025375,0.242604,60.441,1.56221e-10,3.17331e-11,1.24968e-10,3.71496e-11,1.8751e-06,3.8089e-07,5.94545e-07,1.41384e-07,fsrq ,0.36,3FGL J1512.8-0906 ,3FGL J1512.8-0906 ,                       
2,1FLE J1427-4205,216.989639,-42.09354,321.455719,17.280119,0.244704,24.845,7.73699e-11,1.71551e-11,8.1904e-11,2.43479e-11,9.28664e-07,2.05911e-07,2.94454e-07,9.26634e-08,fsrq ,1.552,3FGL J1427.9-4206 ,3FGL J1427.9-4206 ,                       
3,1FLE J1636+3831,249.102509,38.516739,61.621136,42.136776,0.24373,33.866,7.31355e-11,1.62162e-11,5.95242e-11,1.7695e-11,8.77839e-07,1.94642e-07,2.78339e-07,6.73437e-08,fsrq ,1.814,3FGL J1635.2+3809 ,3FGL J1635.2+3809 ,                       
4,1FLE J2231+1132,337.93869,11.53837,77.075043,-38.593109,0.243086,30.071,6.88284e-11,1.52612e-11,7.43216e-11,2.20939e-11,8.2614e-07,1.83179e-07,2.61947e-07,8.40849e-08,fsrq ,1.037,3FGL J2232.5+1143 ,3FGL J2232.5+1143 ,CTA_102_(PKS_2230+114) 
5,1FLE J1227+0218,186.971298,2.308913,289.132965,64.547798,0.243569,31.05,6.49031e-11,1.43909e-11,3.7457e-11,1.06337e-11,7.79026e-07,1.72732e-07,2.47008e-07,4.04698e-08,fsrq ,0.158,3FGL J1229.1+0202 ,3FGL J1229.1+0202 ,3C273                  
6,1FLE J1256-0545,194.023575,-5.764687,305.063843,57.087788,0.243811,29.215,6.28242e-11,1.39299e-11,6.46348e-11,1.92143e-11,7.54072e-07,1.67199e-07,2.39096e-07,7.31256e-08,fsrq ,0.536,3FGL J1256.1-0547 ,3FGL J1256.1-0547 ,3C279                  
7,1FLE J2203+4214,330.759003,42.242191,92.614609,-10.504754,0.245031,20.402,5.72939e-11,1.27037e-11,4.90091e-11,1.45691e-11,6.87693e-07,1.52481e-07,2.18049e-07,5.54472e-08,bll  ,0.0686,3FGL J2202.7+4217 ,3FGL J2202.7+4217 ,                       
8,1FLE J1224+2118,186.24559,21.313829,255.477493,81.625549,0.243811,28.172,5.63525e-11,1.2495e-11,4.97659e-11,1.47941e-11,6.76393e-07,1.49976e-07,2.14466e-07,5.63034e-08,fsrq ,0.435,3FGL J1224.9+2122 ,3FGL J1224.9+2122 ,GROJ1224+2155          
9,1FLE J1522+3147,230.627151,31.785442,50.256393,56.951508,0.243892,25.874,5.58514e-11,1.23839e-11,4.71028e-11,1.40024e-11,6.70379e-07,1.48642e-07,2.12559e-07,5.32905e-08,fsrq ,1.487,3FGL J1522.1+3144 ,3FGL J1522.1+3144 ,                       
10,1FLE J0841+7056,130.438507,70.941139,143.477264,34.43948,0.244786,20.245,5.43428e-11,1.20494e-11,3.13524e-11,8.90068e-12,6.52271e-07,1.44627e-07,2.06818e-07,3.38742e-08,fsrq ,2.218,3FGL J0841.4+7053 ,3FGL J0841.4+7053 ,                       
11,1FLE J1047+7131,161.908981,71.522903,135.684586,42.405716,0.244949,19.5,5.05949e-11,1.12183e-11,4.34901e-11,1.29285e-11,6.07285e-07,1.34652e-07,1.92554e-07,4.92032e-08,fsrq ,1.15,3FGL J1048.4+7144 ,3FGL J1048.4+7144 ,                       
12,1FLE J0721+7121,110.442207,71.35022,143.972931,28.008074,0.245276,17.299,4.61017e-11,1.02221e-11,4.04504e-11,1.20249e-11,5.53354e-07,1.22694e-07,1.75454e-07,4.57642e-08,bll  ,0.127,3FGL J0721.9+7120 ,3FGL J0721.9+7120 ,                       
13,1FLE J0403-3554,60.784561,-35.908665,237.471649,-48.631451,0.245194,19.344,4.07988e-11,9.04626e-12,2.96926e-11,8.42946e-12,4.89704e-07,1.08581e-07,1.55272e-07,3.20808e-08,fsrq ,1.417,3FGL J0403.9-3604 ,3FGL J0403.9-3604 ,                       
14,1FLE J2155-3018,328.941254,-30.302166,17.486219,-51.588562,0.244298,19.259,3.92188e-11,1.18274e-11,2.58562e-11,7.34034e-12,4.7074e-07,1.41963e-07,1.49259e-07,2.79359e-08,fsrq ,2.345,3FGL J2151.8-3025 ,3FGL J2151.8-3025 ,                       
15,1FLE J1625-2510,246.375061,-25.173147,352.320007,16.557447,0.245768,12.229,3.83772e-11,1.15736e-11,0.0,0.0,4.60638e-07,1.38917e-07,1.46056e-07,0.0,fsrq ,0.786,3FGL J1625.7-2527 ,3FGL J1625.7-2527 ,                       
16,1FLE J2329-4929,352.365875,-49.489975,332.601715,-62.649414,0.244949,18.555,3.74749e-11,1.13015e-11,3.81757e-11,1.08378e-11,4.49808e-07,1.3565e-07,1.42622e-07,4.12463e-08,fsrq ,0.518,3FGL J2329.3-4955 ,3FGL J2329.3-4955 ,                       
17,1FLE J0105+6233,16.489763,62.555679,124.604202,-0.268912,0.24585,9.999,3.54913e-11,1.07032e-11,1.43264e-11,4.06714e-12,4.25998e-07,1.2847e-07,1.35073e-07,1.54787e-08,fsrq ,0.783,3FGL J0109.8+6132 ,3FGL J0109.8+6132 ,                       
18,1FLE J0109+0136,17.337948,1.601034,132.181717,-60.948586,0.244054,19.853,3.38575e-11,1.02105e-11,2.73407e-11,7.7618e-12,4.06389e-07,1.22556e-07,1.28855e-07,2.95398e-08,fsrq ,2.099,3FGL J0108.7+0134 ,3FGL J0108.7+0134 ,                       
19,1FLE J0538-4438,84.526855,-44.637165,250.696243,-31.303501,0.245031,14.323,3.2725e-11,9.86902e-12,2.45895e-11,6.98076e-12,3.92796e-07,1.18457e-07,1.24545e-07,2.65674e-08,bll  ,0.892,3FGL J0538.8-4405 ,3FGL J0538.8-4405 ,                       
20,1FLE J1503+1033,225.863922,10.564854,11.264149,54.817478,0.245112,15.778,3.16847e-11,9.55528e-12,3.59553e-11,1.02074e-11,3.80308e-07,1.14691e-07,1.20586e-07,3.88473e-08,fsrq ,1.839,3FGL J1504.4+1029 ,3FGL J1504.4+1029 ,                       
21,1FLE J2056-4724,314.178589,-47.405056,352.378632,-40.449799,0.245276,13.681,3.12991e-11,9.43899e-12,2.21192e-11,6.27946e-12,3.7568e-07,1.13295e-07,1.19118e-07,2.38984e-08,fsrq ,1.491,3FGL J2056.2-4714 ,3FGL J2056.2-4714 ,                       
22,1FLE J0456-2322,74.24736,-23.367357,223.650345,-34.896355,0.24446,12.611,3.03123e-11,9.14139e-12,3.47772e-11,9.87295e-12,3.63835e-07,1.09723e-07,1.15362e-07,3.75745e-08,fsrq ,1.003,3FGL J0457.0-2324 ,3FGL J0457.0-2324 ,                       
23,1FLE J0238+2900,39.618816,29.01075,149.491638,-28.282955,0.244949,13.696,2.94371e-11,8.87746e-12,2.30665e-11,6.54839e-12,3.53331e-07,1.06555e-07,1.12032e-07,2.49218e-08,fsrq ,1.213,3FGL J0237.9+2848 ,3FGL J0237.9+2848 ,                       
24,1FLE J0219+4256,34.809181,42.940071,139.566299,-17.077888,0.245358,11.497,2.82405e-11,8.5166e-12,2.99411e-11,8.50003e-12,3.38968e-07,1.02224e-07,1.07478e-07,3.23494e-08,bll  ,0.444,3FGL J0222.6+4301 ,3FGL J0222.6+4301 ,                       
25,1FLE J2156+5102,329.154785,51.046795,97.151299,-2.859358,0.24585,8.222,2.75096e-11,8.29618e-12,5.65567e-12,2.26227e-12,3.30195e-07,9.95783e-08,1.04696e-07,8.60973e-09,fsrq ,1.899,3FGL J2201.7+5047 ,3FGL J2201.7+5047 ,                       
26,1FLE J1344+4456,206.207001,44.935921,95.477417,69.239487,0.244867,12.771,2.73121e-11,8.23661e-12,2.55781e-11,7.26141e-12,3.27824e-07,9.88632e-08,1.03944e-07,2.76355e-08,fsrq ,2.534,3FGL J1345.6+4453 ,3FGL J1345.6+4453 ,                       
27,1FLE J0221+3604,35.355751,36.071209,142.615494,-23.337433,0.244949,11.628,2.63062e-11,7.93327e-12,2.37045e-11,6.72951e-12,3.15751e-07,9.52223e-08,1.00116e-07,2.56112e-08,fsrq ,0.944,3FGL J0221.1+3556 ,3FGL J0221.1+3556 ,                       
28,1FLE J1105+3807,166.270737,38.118946,179.941727,65.176933,0.245276,12.034,2.44083e-11,7.36092e-12,2.82202e-11,8.01147e-12,2.92971e-07,8.83524e-08,9.28932e-08,3.049e-08,bll  ,0.031,3FGL J1104.4+3812 ,3FGL J1104.4+3812 ,                       
29,1FLE J1834-2116,278.568939,-21.281813,12.032537,-5.938382,0.245604,4.83,2.33722e-11,7.04843e-12,1.90468e-11,5.40721e-12,2.80534e-07,8.46017e-08,8.89497e-08,2.05788e-08,fsrq ,2.507,3FGL J1833.6-2103 ,3FGL J1833.6-2103 ,                       
30,1FLE J1827+6859,276.920471,68.987328,99.268623,27.302057,0.245768,5.149,2.33278e-11,7.03504e-12,0.0,0.0,2.80001e-07,8.44409e-08,8.87807e-08,0.0,bll  ,0.0,3FGL J1823.4+6857 ,3FGL J1823.4+6857 ,                       
31,1FLE J0729-1230,112.408875,-12.504711,228.407501,2.602984,0.24585,10.036,2.28843e-11,6.90132e-12,2.11874e-11,6.01493e-12,2.74678e-07,8.28358e-08,8.70932e-08,2.28916e-08,fsrq ,1.589,3FGL J0730.2-1141 ,3FGL J0730.2-1141 ,                       
32,1FLE J2144+1751,326.164001,17.852749,72.409004,-26.182785,0.245358,10.944,2.21046e-11,6.66617e-12,1.69957e-11,4.82494e-12,2.65319e-07,8.00134e-08,8.41256e-08,1.83628e-08,fsrq ,0.213,3FGL J2143.5+1744 ,3FGL J2143.5+1744 ,                       
33,1FLE J1145+4001,176.474304,40.022873,165.239914,71.280785,0.245686,6.156,2.15569e-11,6.50099e-12,1.10545e-11,3.13828e-12,2.58745e-07,7.80307e-08,8.20411e-08,1.19436e-08,fsrq ,1.089,3FGL J1146.8+3958 ,3FGL J1146.8+3958 ,                       
34,1FLE J2039+5042,309.908203,50.700989,88.408966,5.539215,0.246015,3.921,2.14528e-11,6.4696e-12,1.09365e-11,3.10478e-12,2.57496e-07,7.7654e-08,8.1645e-08,1.18162e-08,fsrq ,1.686,3FGL J2038.8+5113 ,3FGL J2038.8+5113 ,                       
35,1FLE J1831-5805,277.907623,-58.086189,337.087372,-20.270178,0.245686,7.716,2.12005e-11,6.39353e-12,1.82583e-11,5.18338e-12,2.54468e-07,7.67409e-08,8.0685e-08,1.97269e-08,bll  ,0.0,3FGL J1832.4-5659 ,3FGL J1832.4-5659 ,                       
36,1FLE J2027-0805,306.846924,-8.097399,36.611248,-24.988312,0.244949,9.866,2.1054e-11,6.34934e-12,1.77025e-11,5.0256e-12,2.52709e-07,7.62105e-08,8.01273e-08,1.91264e-08,fsrq ,1.388,3FGL J2025.6-0736 ,3FGL J2025.6-0736 ,                       
37,1FLE J1838+6812,279.649109,68.216431,98.535995,26.2264,0.246097,8.056,2.08042e-11,6.27402e-12,1.44796e-11,4.11063e-12,2.49711e-07,7.53064e-08,7.91768e-08,1.56442e-08,fsrq ,0.472,3FGL J1842.8+6810 ,3FGL J1842.8+6810 ,                       
38,1FLE J1247-2541,191.797394,-25.694769,301.730865,37.167072,0.245112,9.306,2.04868e-11,6.17827e-12,1.67636e-11,4.75905e-12,2.45901e-07,7.41572e-08,7.79685e-08,1.8112e-08,fsrq ,0.635,3FGL J1246.7-2547 ,3FGL J1246.7-2547 ,                       
39,1FLE J1753+7815,268.377991,78.265411,109.86171,29.453505,0.245604,7.723,2.04348e-11,6.1626e-12,1.56262e-11,4.43616e-12,2.45277e-07,7.39691e-08,7.77707e-08,1.68831e-08,bll  ,0.68,3FGL J1800.5+7827 ,3FGL J1800.5+7827 ,                       
40,1FLE J2141-7616,325.360413,-76.28154,315.38797,-35.843239,0.245522,11.076,1.99095e-11,6.00417e-12,2.36317e-11,6.70884e-12,2.38971e-07,7.20675e-08,7.57714e-08,2.55325e-08,fsrq ,1.138,3FGL J2147.3-7536 ,3FGL J2147.3-7536 ,                       
41,1FLE J0221+7403,35.413559,74.065613,129.118622,12.287453,0.245604,5.91,1.88581e-11,5.6871e-12,1.82191e-11,5.17224e-12,2.26351e-07,6.82617e-08,7.177e-08,1.96845e-08,fsrq ,2.367,3FGL J0217.5+7349 ,3FGL J0217.5+7349 ,                       
42,1FLE J2227-0838,336.994843,-8.646634,54.720078,-51.407719,0.245358,10.516,1.87103e-11,5.64253e-12,1.70666e-11,4.84507e-12,2.24577e-07,6.77267e-08,7.12075e-08,1.84394e-08,fsrq ,1.56,3FGL J2229.7-0833 ,3FGL J2229.7-0833 ,                       
43,1FLE J1100+8117,165.055725,81.291176,127.86264,34.744987,0.24618,6.884,1.76693e-11,5.32861e-12,8.89355e-12,2.5248e-12,2.12083e-07,6.39588e-08,6.72459e-08,9.60888e-09,fsrq ,0.706,3FGL J1058.4+8112 ,3FGL J1058.4+8112 ,                       
44,1FLE J1125-1907,171.397919,-19.121937,276.403809,39.287106,0.245358,9.161,1.7655e-11,5.32428e-12,1.26114e-11,3.58026e-12,2.11911e-07,6.39069e-08,6.71913e-08,1.36258e-08,fsrq ,1.048,3FGL J1127.0-1857 ,3FGL J1127.0-1857 ,                       
45,1FLE J1031+6001,157.96553,60.01952,149.012619,49.441757,0.245686,7.539,1.76525e-11,5.32352e-12,1.40817e-11,3.99767e-12,2.11881e-07,6.38977e-08,6.71817e-08,1.52143e-08,fsrq ,1.23,3FGL J1031.6+6021 ,3FGL J1031.6+6021 ,                       
46,1FLE J2035+1102,308.837006,11.042085,55.488472,-17.174297,0.24585,8.542,1.76238e-11,5.31488e-12,1.69702e-11,4.81771e-12,2.11537e-07,6.37939e-08,6.70726e-08,1.83352e-08,fsrq ,0.601,3FGL J2035.3+1055 ,3FGL J2035.3+1055 ,                       
47,1FLE J0238+1638,39.521538,16.646463,156.601944,-39.153347,0.245768,9.115,1.72745e-11,5.20954e-12,1.64076e-11,4.65798e-12,2.07344e-07,6.25296e-08,6.57433e-08,1.77273e-08,bll  ,0.94,3FGL J0238.6+1636 ,3FGL J0238.6+1636 ,                       
48,1FLE J0506+0528,76.739433,5.474629,195.260956,-20.275213,0.245358,8.158,1.69199e-11,5.59993e-12,1.72174e-11,4.88789e-12,2.03088e-07,6.72155e-08,6.43937e-08,1.86023e-08,bll  ,0.0,3FGL J0509.4+0541 ,3FGL J0509.4+0541 ,                       
49,1FLE J1735+7015,263.943878,70.265305,100.86084,31.777536,0.245768,3.796,1.66316e-11,5.50453e-12,0.0,0.0,1.99628e-07,6.60704e-08,6.32966e-08,0.0,bll  ,0.77,3FGL J1748.6+7005 ,3FGL J1748.6+7005 ,                       
50,1FLE J1845+3238,281.341614,32.6492,62.109428,15.41746,0.246097,6.591,1.65403e-11,5.47432e-12,1.53856e-11,4.36784e-12,1.98532e-07,6.57077e-08,6.29492e-08,1.66231e-08,fsrq ,0.798,3FGL J1848.4+3216 ,3FGL J1848.4+3216 ,                       
51,1FLE J2028+7651,307.171936,76.864517,110.102119,21.148277,0.246015,5.809,1.63832e-11,5.42232e-12,7.0083e-12,2.80332e-12,1.96646e-07,6.50836e-08,6.23513e-08,1.06689e-08,bll  ,0.594,3FGL J2022.5+7612 ,3FGL J2022.5+7612 ,                       
52,1FLE J1958-3919,299.556274,-39.332378,0.942423,-29.129808,0.246262,6.569,1.60599e-11,5.31531e-12,7.91096e-12,3.16438e-12,1.92765e-07,6.37991e-08,6.11208e-08,1.2043e-08,fsrq ,0.63,3FGL J1958.0-3847 ,3FGL J1958.0-3847 ,                       
53,1FLE J1333-1250,203.373672,-12.845874,318.584076,48.743546,0.245686,7.771,1.59631e-11,5.28326e-12,1.06164e-11,3.01392e-12,1.91603e-07,6.34145e-08,6.07522e-08,1.14704e-08,fsrq ,1.498,3FGL J1332.6-1256 ,3FGL J1332.6-1256 ,                       
54,1FLE J0738+0133,114.542725,1.559293,216.910507,11.102489,0.245276,8.443,1.58868e-11,5.25801e-12,1.44129e-11,4.09169e-12,1.90687e-07,6.31114e-08,6.04619e-08,1.55721e-08,fsrq ,0.18941,3FGL J0739.4+0137 ,3FGL J0739.4+0137 ,                       
55,1FLE J2345-1611,356.476593,-16.189926,65.343063,-71.28566,0.245604,9.405,1.57361e-11,5.20815e-12,1.65497e-11,4.69831e-12,1.88879e-07,6.25129e-08,5.98885e-08,1.78808e-08,fsrq ,0.621,3FGL J2345.2-1554 ,3FGL J2345.2-1554 ,                       
56,1FLE J1201+2934,180.255737,29.566936,197.579636,78.649223,0.245933,7.904,1.54016e-11,5.09744e-12,1.35536e-11,3.84774e-12,1.84864e-07,6.11841e-08,5.86155e-08,1.46437e-08,fsrq ,0.725,3FGL J1159.5+2914 ,3FGL J1159.5+2914 ,                       
57,1FLE J0921+4425,140.416031,44.420681,176.077576,44.959591,0.245933,7.164,1.52181e-11,5.03669e-12,1.27524e-11,3.62031e-12,1.82661e-07,6.04549e-08,5.79169e-08,1.37782e-08,fsrq ,2.19,3FGL J0920.9+4442 ,3FGL J0920.9+4442 ,                       
58,1FLE J1332-0518,203.206635,-5.314777,321.608307,56.048859,0.245686,7.718,1.51654e-11,5.01924e-12,1.19299e-11,3.38681e-12,1.82028e-07,6.02455e-08,5.77163e-08,1.28895e-08,fsrq ,2.15,3FGL J1332.0-0508 ,3FGL J1332.0-0508 ,                       
59,1FLE J1518-2422,229.720459,-24.377733,340.920227,27.411661,0.246345,3.564,1.46828e-11,4.85954e-12,8.93029e-12,2.53523e-12,1.76237e-07,5.83286e-08,5.58799e-08,9.64858e-09,bll  ,0.048,3FGL J1517.6-2422 ,3FGL J1517.6-2422 ,                       
60,1FLE J0448-4535,72.19001,-45.594223,251.099045,-40.046879,0.24618,6.624,1.45837e-11,4.82673e-12,1.05975e-11,3.00853e-12,1.75047e-07,5.79348e-08,5.55026e-08,1.14499e-08,fsrq ,0.858,3FGL J0455.7-4617 ,3FGL J0455.7-4617 ,                       
61,1FLE J0818+4202,124.669212,42.040665,178.642166,33.430103,0.24585,6.827,1.44755e-11,4.79093e-12,1.06813e-11,3.03233e-12,1.73748e-07,5.7505e-08,5.50909e-08,1.15404e-08,bll  ,0.53,3FGL J0818.2+4223 ,3FGL J0818.2+4223 ,                       
62,1FLE J1436+2409,219.17157,24.162714,31.70929,66.139145,0.245604,7.457,1.43438e-11,4.74733e-12,6.98899e-12,2.79559e-12,1.72167e-07,5.69817e-08,5.45896e-08,1.06395e-08,fsrq ,1.544,3FGL J1436.8+2322 ,3FGL J1436.8+2322 ,                       
63,1FLE J0304-6121,46.117485,-61.355083,279.209991,-49.194935,0.245933,6.713,1.42848e-11,4.7278e-12,1.0635e-11,3.01917e-12,1.71459e-07,5.67473e-08,5.4365e-08,1.14904e-08,fsrq ,1.48,3FGL J0309.9-6057 ,3FGL J0309.9-6057 ,                       
64,1FLE J1914-2017,288.500305,-20.285198,16.996912,-13.894795,0.24585,4.403,1.41464e-11,4.68199e-12,1.57946e-11,4.48394e-12,1.69798e-07,5.61975e-08,5.38382e-08,1.7065e-08,fsrq ,1.119,3FGL J1911.2-2006 ,3FGL J1911.2-2006 ,                       
65,1FLE J1703+6815,255.825256,68.258278,99.183014,34.986965,0.246097,5.999,1.41069e-11,4.66892e-12,1.21452e-11,3.44791e-12,1.69324e-07,5.60406e-08,5.3688e-08,1.3122e-08,fsrq ,0.301,3FGL J1700.1+6829 ,3FGL J1700.1+6829 ,                       
66,1FLE J2001+6556,300.250488,65.9468,98.800995,17.936829,0.246262,4.976,1.40949e-11,4.66494e-12,1.07614e-11,3.05507e-12,1.69179e-07,5.59928e-08,5.36422e-08,1.1627e-08,fsrq ,1.325,3FGL J2007.3+6605 ,3FGL J2007.3+6605 ,                       
67,1FLE J0339-0133,54.765633,-1.558812,187.672516,-42.417168,0.245031,8.013,1.39039e-11,4.60174e-12,1.08001e-11,3.06607e-12,1.66887e-07,5.52343e-08,5.29155e-08,1.16688e-08,fsrq ,0.85,3FGL J0339.5-0146 ,3FGL J0339.5-0146 ,                       
68,1FLE J0254-2221,43.605782,-22.363956,210.051987,-61.745876,0.24544,8.273,1.38342e-11,4.57868e-12,1.14474e-11,3.24981e-12,1.66051e-07,5.49574e-08,5.26502e-08,1.23681e-08,fsrq ,1.427,3FGL J0252.8-2218 ,3FGL J0252.8-2218 ,                       
69,1FLE J0136+4752,24.22703,47.867603,130.774933,-14.310504,0.245768,5.844,1.38158e-11,4.5726e-12,1.02662e-11,2.91447e-12,1.6583e-07,5.48844e-08,5.25803e-08,1.10919e-08,fsrq ,0.859,3FGL J0137.0+4752 ,3FGL J0137.0+4752 ,                       
70,1FLE J0246-4621,41.688938,-46.356407,260.833099,-60.23682,0.245768,6.968,1.35697e-11,4.49113e-12,1.04173e-11,2.95738e-12,1.62876e-07,5.39066e-08,5.16435e-08,1.12552e-08,fsrq ,1.385,3FGL J0245.9-4651 ,3FGL J0245.9-4651 ,                       
71,1FLE J1256-2314,194.127899,-23.247343,304.444733,39.609501,0.24544,6.626,1.34164e-11,4.44039e-12,8.90509e-12,2.52808e-12,1.61036e-07,5.32976e-08,5.10601e-08,9.62136e-09,fsrq ,1.303,3FGL J1258.7-2219 ,3FGL J1258.7-2219 ,                       
72,1FLE J0855+2014,133.951645,20.244629,206.749527,36.085747,0.245686,7.712,1.33868e-11,4.4306e-12,1.0686e-11,3.03367e-12,1.6068e-07,5.318e-08,5.09475e-08,1.15455e-08,bll  ,0.306,3FGL J0854.8+2006 ,3FGL J0854.8+2006 ,                       
73,1FLE J0329-3724,52.265808,-37.407497,240.278717,-55.409901,0.245686,4.07,1.33632e-11,4.42277e-12,0.0,0.0,1.60397e-07,5.30861e-08,5.08575e-08,0.0,bll  ,0.0,3FGL J0334.3-3726 ,3FGL J0334.3-3726 ,                       
74,1FLE J1138+3832,174.699005,38.540806,171.437775,71.005943,0.246345,6.569,1.33463e-11,4.4172e-12,0.0,0.0,1.60194e-07,5.30192e-08,5.07934e-08,0.0,fsrq ,1.733,3FGL J1131.4+3819 ,3FGL J1131.4+3819 ,                       
75,1FLE J2311+3404,347.989807,34.074013,100.439224,-24.415888,0.203101,6.5,1.3282e-11,4.39593e-12,1.05854e-11,3.00511e-12,1.59423e-07,5.27639e-08,5.05488e-08,1.14368e-08,fsrq ,1.817,3FGL J2311.0+3425 ,3FGL J2311.0+3425 ,                       
76,1FLE J1059+0208,164.937729,2.141416,251.21756,53.405224,0.245522,7.681,1.32255e-11,4.37722e-12,1.13529e-11,3.22298e-12,1.58745e-07,5.25393e-08,5.03336e-08,1.2266e-08,bll  ,0.89,3FGL J1058.5+0133 ,3FGL J1058.5+0133 ,                       
77,1FLE J0823-2228,125.890945,-22.47579,243.639923,8.477901,0.245604,4.419,1.30738e-11,4.32701e-12,0.0,0.0,1.56924e-07,5.19366e-08,4.97563e-08,0.0,bll  ,0.911,3FGL J0825.9-2230 ,3FGL J0825.9-2230 ,                       
78,1FLE J1125+3639,171.40921,36.665295,179.859894,69.509644,0.245522,4.092,1.30644e-11,4.3239e-12,0.0,0.0,1.56811e-07,5.18993e-08,4.97205e-08,0.0,fsrq ,0.884,3FGL J1127.8+3618 ,3FGL J1127.8+3618 ,                       
79,1FLE J0649+4529,102.36554,45.497055,170.644455,18.653027,0.246015,5.554,1.28094e-11,4.23948e-12,6.22982e-12,2.49193e-12,1.53749e-07,5.08861e-08,4.87498e-08,9.48377e-09,fsrq ,0.933,3FGL J0654.4+4514 ,3FGL J0654.4+4514 ,                       
80,1FLE J1456-3612,224.192612,-36.200909,329.478241,20.128336,0.245933,4.547,1.27262e-11,4.21197e-12,7.1741e-12,2.86964e-12,1.52752e-07,5.05558e-08,4.84334e-08,1.09213e-08,fsrq ,1.424,3FGL J1457.4-3539 ,3FGL J1457.4-3539 ,                       
81,1FLE J1626-7732,246.658585,-77.547241,313.561768,-19.384718,0.245933,5.147,1.27004e-11,4.20342e-12,6.45856e-12,2.58342e-12,1.52441e-07,5.04532e-08,4.83351e-08,9.83199e-09,fsrq ,1.71,3FGL J1617.7-7717 ,3FGL J1617.7-7717 ,                       
82,1FLE J0805-0743,121.393646,-7.723617,228.583725,12.653376,0.245768,6.842,1.25168e-11,4.14265e-12,1.24304e-11,3.52888e-12,1.50238e-07,4.97238e-08,4.76364e-08,1.34302e-08,fsrq ,1.837,3FGL J0808.2-0751 ,3FGL J0808.2-0751 ,                       
83,1FLE J1309+3302,197.398254,33.038826,90.443214,82.905663,0.245604,6.517,1.24453e-11,4.11901e-12,8.88872e-12,2.52343e-12,1.4938e-07,4.944e-08,4.73645e-08,9.60367e-09,fsrq ,0.997,3FGL J1310.6+3222 ,3FGL J1310.6+3222 ,                       
84,1FLE J1603+5734,240.81636,57.572655,88.799751,44.787918,0.24618,5.293,1.2245e-11,4.05268e-12,7.00297e-12,2.80119e-12,1.46975e-07,4.8644e-08,4.66018e-08,1.06608e-08,fsrq ,0.72,3FGL J1604.6+5714 ,3FGL J1604.6+5714 ,                       
85,1FLE J1625-2926,246.427643,-29.434141,349.079071,13.664161,0.246676,4.228,1.20618e-11,3.99208e-12,1.36836e-11,3.88466e-12,1.44777e-07,4.79165e-08,4.59049e-08,1.47842e-08,fsrq ,0.815,3FGL J1626.0-2951 ,3FGL J1626.0-2951 ,PKS_1622-297           
86,1FLE J1219+2943,184.863251,29.733126,190.73082,82.503471,0.245933,3.589,1.19146e-11,3.94336e-12,8.68924e-12,2.4668e-12,1.4301e-07,4.73317e-08,4.53447e-08,9.38814e-09,bll  ,0.13,3FGL J1217.8+3007 ,3FGL J1217.8+3007 ,                       
87,1FLE J1739+5134,264.82605,51.574345,78.816315,31.901257,0.24585,4.799,1.16594e-11,3.85887e-12,8.88305e-12,2.52182e-12,1.39946e-07,4.63177e-08,4.43732e-08,9.59754e-09,fsrq ,1.381,3FGL J1740.3+5211 ,3FGL J1740.3+5211 ,                       
88,1FLE J2209-8335,332.365326,-83.59446,307.827942,-31.91399,0.24585,4.873,1.15241e-11,3.8141e-12,9.83317e-12,2.79155e-12,1.38322e-07,4.57802e-08,4.38583e-08,1.06241e-08,fsrq ,1.865,3FGL J2202.4-8339 ,3FGL J2202.4-8339 ,                       
89,1FLE J0827+2440,126.783035,24.667032,199.173431,31.216589,0.245933,6.212,1.13813e-11,3.76684e-12,6.87696e-12,2.75078e-12,1.36609e-07,4.5213e-08,4.33149e-08,1.04689e-08,fsrq ,0.939,3FGL J0830.7+2408 ,3FGL J0830.7+2408 ,                       
90,1FLE J0325+2204,51.478138,22.081448,163.958206,-28.22551,0.24585,5.442,1.10344e-11,3.65204e-12,8.21899e-12,2.3333e-12,1.32445e-07,4.38351e-08,4.19948e-08,8.88007e-09,fsrq ,2.066,3FGL J0325.5+2223 ,3FGL J0325.5+2223 ,                       
91,1FLE J2329+0858,352.481628,8.967734,91.416931,-48.852097,0.245358,5.896,1.05894e-11,3.50475e-12,7.78845e-12,3.11538e-12,1.27104e-07,4.20672e-08,4.03012e-08,1.18565e-08,fsrq ,1.843,3FGL J2327.7+0941 ,3FGL J2327.7+0941 ,                       
92,1FLE J0111+3207,17.967951,32.128948,127.954811,-30.543432,0.246015,5.494,1.04685e-11,3.46473e-12,7.0106e-12,2.80424e-12,1.25652e-07,4.15868e-08,3.9841e-08,1.06724e-08,fsrq ,0.603,3FGL J0112.8+3207 ,3FGL J0112.8+3207 ,                       
93,1FLE J0117+2420,19.374563,24.347067,130.484634,-38.142204,0.245933,5.979,1.04002e-11,3.44213e-12,0.0,0.0,1.24832e-07,4.13155e-08,3.9581e-08,0.0,bll  ,0.358,3FGL J0115.8+2519 ,3FGL J0115.8+2519 ,                       
94,1FLE J1518-2650,229.522797,-26.833508,339.127228,25.544233,0.24651,4.141,1.03391e-11,3.42192e-12,7.1083e-12,2.84332e-12,1.241e-07,4.1073e-08,3.93487e-08,1.08211e-08,bll  ,1.294,3FGL J1522.6-2730 ,3FGL J1522.6-2730 ,                       
95,1FLE J1206+5421,181.640884,54.353306,136.704544,61.55872,0.245768,4.618,1.01239e-11,3.35069e-12,5.0601e-12,2.02404e-12,1.21517e-07,4.02181e-08,3.85296e-08,7.70309e-09,fsrq ,1.345,3FGL J1208.7+5442 ,3FGL J1208.7+5442 ,                       
96,1FLE J0500-0209,75.233856,-2.162031,201.582336,-25.441488,0.245276,5.316,1.00725e-11,3.33367e-12,8.17704e-12,2.32139e-12,1.20899e-07,4.00138e-08,3.83339e-08,8.83475e-09,fsrq ,2.291,3FGL J0501.2-0157 ,3FGL J0501.2-0157 ,                       
97,1FLE J2251+4034,342.786621,40.58149,99.512802,-16.75688,0.246097,4.215,9.82924e-12,3.25316e-12,1.46755e-11,4.16624e-12,1.17979e-07,3.90474e-08,3.74081e-08,1.58559e-08,bll  ,1.171,3FGL J2244.1+4057 ,3FGL J2244.1+4057 ,                       
98,1FLE J2120-4549,320.195496,-45.820568,354.130493,-44.682842,0.24651,4.003,9.81446e-12,3.24827e-12,2.84573e-12,1.13829e-12,1.17802e-07,3.89886e-08,3.73518e-08,4.33211e-09,fsrq ,1.67,3FGL J2126.5-4605 ,3FGL J2126.5-4605 ,                       
99,1FLE J2236+2807,339.171509,28.121872,89.960693,-25.988029,0.245768,4.45,9.19397e-12,3.04291e-12,8.15976e-12,2.31648e-12,1.10354e-07,3.65237e-08,3.49904e-08,8.81607e-09,bll  ,0.79,3FGL J2236.3+2829 ,3FGL J2236.3+2829 ,                       
100,1FLE J0957+5503,149.279877,55.059193,159.085068,47.991196,0.24618,3.909,8.82582e-12,2.92106e-12,1.27178e-11,3.61047e-12,1.05935e-07,3.50612e-08,3.35893e-08,1.37407e-08,fsrq ,0.899,3FGL J0957.6+5523 ,3FGL J0957.6+5523 ,                       
101,1FLE J1342+6530,205.629959,65.507812,114.597679,50.785828,0.245768,3.848,8.73377e-12,2.89059e-12,2.09541e-12,8.38165e-13,1.04831e-07,3.46955e-08,3.3239e-08,3.18989e-09,fsrq ,0.946,3FGL J1338.9+6532 ,3FGL J1338.9+6532 ,                       
102,1FLE J2320-0409,350.037872,-4.163044,75.439743,-58.348419,0.246427,5.362,8.61e-12,2.84963e-12,8.03874e-12,2.28213e-12,1.03345e-07,3.42038e-08,3.27679e-08,8.68532e-09,fsrq ,1.393,3FGL J2323.5-0315 ,3FGL J2323.5-0315 ,                       
103,1FLE J0119-2300,19.805134,-23.007099,181.217087,-82.481422,0.24618,5.064,8.50031e-12,2.81333e-12,8.60199e-12,2.44203e-12,1.02028e-07,3.37681e-08,3.23505e-08,9.29388e-09,fsrq ,1.165,3FGL J0118.8-2142 ,3FGL J0118.8-2142 ,                       
104,1FLE J1216+5019,184.067825,50.330036,136.726532,65.845848,0.245933,3.921,8.43389e-12,2.79134e-12,0.0,0.0,1.01231e-07,3.35042e-08,3.20977e-08,0.0,fsrq ,1.066,3FGL J1224.5+4957 ,3FGL J1224.5+4957 ,                       
105,1FLE J0144-2728,26.240143,-27.480724,217.702286,-78.11071,0.245358,4.866,8.41467e-12,2.78498e-12,2.65568e-12,1.06227e-12,1.01001e-07,3.34279e-08,3.20245e-08,4.0428e-09,fsrq ,1.148,3FGL J0145.1-2732 ,3FGL J0145.1-2732 ,                       
106,1FLE J0036-4236,9.181559,-42.611687,312.935242,-74.229622,0.245933,4.352,8.29904e-12,2.74671e-12,5.58354e-12,2.23342e-12,9.96126e-08,3.29685e-08,3.15845e-08,8.49993e-09,fsrq ,0.495,3FGL J0030.3-4223 ,3FGL J0030.3-4223 ,                       
107,1FLE J2240-1340,340.13089,-13.669431,50.110367,-56.641453,0.24618,4.708,8.25816e-12,2.73318e-12,7.84405e-12,3.13762e-12,9.91219e-08,3.28061e-08,3.14289e-08,1.19411e-08,bll  ,0.0,3FGL J2236.5-1432 ,3FGL J2236.5-1432 ,                       
108,1FLE J0003+2114,0.760079,21.245716,108.10582,-40.228603,0.24618,4.653,8.23725e-12,2.72626e-12,7.38429e-12,2.95372e-12,9.88709e-08,3.27231e-08,3.13493e-08,1.12412e-08,fsrq ,1.106,3FGL J0001.4+2120 ,3FGL J0001.4+2120 ,                       
109,1FLE J1720+0916,260.07428,9.272167,30.987823,24.43364,0.246676,3.247,8.03972e-12,2.66089e-12,0.0,0.0,9.65e-08,3.19384e-08,3.05976e-08,0.0,fsrq ,0.732,3FGL J1722.7+1014 ,3FGL J1722.7+1014 ,                       
110,1FLE J0531+0707,82.765579,7.122114,197.012619,-14.292369,0.245768,3.536,7.96495e-12,2.63614e-12,9.18991e-12,2.60894e-12,9.56025e-08,3.16413e-08,3.0313e-08,9.92909e-09,fsrq ,1.254,3FGL J0532.7+0732 ,3FGL J0532.7+0732 ,                       
111,1FLE J0206-1705,31.575779,-17.089865,186.681137,-70.00222,0.24585,4.993,7.82063e-12,2.58837e-12,4.09758e-12,1.63903e-12,9.38702e-08,3.1068e-08,2.97637e-08,6.23782e-09,fsrq ,1.74,3FGL J0205.2-1700 ,3FGL J0205.2-1700 ,                       
112,1FLE J0331-3909,52.933949,-39.16156,243.214935,-54.686783,0.246345,4.26,7.80884e-12,2.58447e-12,6.00845e-12,2.40338e-12,9.37288e-08,3.10212e-08,2.97189e-08,9.14677e-09,bll  ,1.357,3FGL J0334.3-4008 ,3FGL J0334.3-4008 ,                       
113,1FLE J1147+4836,176.90033,48.600826,148.639542,65.217964,0.246015,3.673,7.79723e-12,2.58063e-12,5.52892e-12,2.21157e-12,9.35894e-08,3.09751e-08,2.96747e-08,8.41678e-09,fsrq ,0.334,3FGL J1153.4+4932 ,3FGL J1153.4+4932 ,                       
114,1FLE J1559+1149,239.929123,11.828297,23.305424,43.375332,0.246262,3.878,7.74754e-12,2.56418e-12,5.55549e-12,2.2222e-12,9.29929e-08,3.07776e-08,2.94856e-08,8.45724e-09,bll  ,0.0,3FGL J1555.7+1111 ,3FGL J1555.7+1111 ,                       
115,1FLE J0424-0042,66.07991,-0.710336,194.81955,-32.580349,0.245933,4.172,7.63768e-12,2.52783e-12,5.48603e-12,2.19441e-12,9.16744e-08,3.03412e-08,2.90675e-08,8.35149e-09,fsrq ,0.916,3FGL J0423.2-0119 ,3FGL J0423.2-0119 ,                       
116,1FLE J0443-0024,70.977242,-0.404252,197.489975,-28.247097,0.246015,4.076,7.63478e-12,2.52686e-12,6.26195e-12,2.50478e-12,9.16395e-08,3.03297e-08,2.90564e-08,9.53269e-09,fsrq ,0.844,3FGL J0442.6-0017 ,3FGL J0442.6-0017 ,                       
117,1FLE J1005-2205,151.312759,-22.098806,259.584229,26.462029,0.245522,4.101,7.63159e-12,2.52581e-12,3.79771e-12,1.51908e-12,9.16012e-08,3.0317e-08,2.90443e-08,5.78132e-09,fsrq ,0.33,3FGL J1006.7-2159 ,3FGL J1006.7-2159 ,                       
118,1FLE J0215+1034,33.833206,10.567013,154.098877,-47.164406,0.24618,4.26,7.35438e-12,2.43406e-12,8.00729e-12,2.2732e-12,8.82739e-08,2.92158e-08,2.79893e-08,8.65135e-09,bll  ,0.0,3FGL J0211.2+1051 ,3FGL J0211.2+1051 ,                       
119,1FLE J0852-1149,133.225052,-11.821919,238.715134,20.300402,0.246015,4.225,7.30742e-12,2.41852e-12,4.73532e-12,1.89413e-12,8.77103e-08,2.90293e-08,2.78106e-08,7.20867e-09,fsrq ,0.566,3FGL J0850.2-1214 ,3FGL J0850.2-1214 ,                       
120,1FLE J0349-2045,57.391232,-20.758389,213.935226,-49.013699,0.24585,4.093,7.18849e-12,2.37916e-12,4.86577e-12,1.94631e-12,8.62827e-08,2.85568e-08,2.73579e-08,7.40726e-09,fsrq ,2.944,3FGL J0349.9-2102 ,3FGL J0349.9-2102 ,                       
121,1FLE J1148-3800,177.038757,-38.010868,289.41745,23.194515,0.24618,3.384,7.16149e-12,2.37022e-12,5.6902e-12,2.27608e-12,8.59586e-08,2.84495e-08,2.72552e-08,8.6623e-09,fsrq ,1.048,3FGL J1147.0-3811 ,3FGL J1147.0-3811 ,                       
122,1FLE J1030+3811,157.629211,38.184013,183.348495,58.57357,0.246097,3.602,7.03671e-12,2.32892e-12,0.0,0.0,8.44609e-08,2.79538e-08,2.67803e-08,0.0,bll  ,0.0,3FGL J1032.7+3735 ,3FGL J1032.7+3735 ,                       
123,1FLE J2232-4923,338.02417,-49.383705,343.657745,-55.253235,0.246345,3.315,6.78489e-12,2.24558e-12,2.39511e-12,9.58044e-13,8.14384e-08,2.69535e-08,2.58219e-08,3.64612e-09,fsrq ,0.51,3FGL J2235.3-4835 ,3FGL J2235.3-4835 ,                       
124,1FLE J1011+2442,152.764664,24.704567,207.555252,54.006527,0.245768,3.774,6.5712e-12,2.17485e-12,4.21553e-12,1.68621e-12,7.88734e-08,2.61046e-08,2.50087e-08,6.41738e-09,fsrq ,1.805,3FGL J1012.6+2439 ,3FGL J1012.6+2439 ,                       
125,1FLE J0309+1002,47.491192,10.043891,169.777115,-39.907799,0.24651,3.628,6.5695e-12,2.17429e-12,5.86187e-12,2.34475e-12,7.88531e-08,2.60978e-08,2.50022e-08,8.92364e-09,fsrq ,0.863,3FGL J0309.0+1029 ,3FGL J0309.0+1029 ,                       
126,1FLE J1049+2227,162.297455,22.45402,215.727554,61.934433,0.246345,3.598,6.18624e-12,2.04744e-12,2.75417e-12,1.10167e-12,7.42528e-08,2.45753e-08,2.35436e-08,4.19272e-09,bll  ,0.0,3FGL J1054.5+2210 ,3FGL J1054.5+2210 ,                       
127,1FLE J1118-0558,169.712814,-5.980172,265.444244,50.030434,0.246427,3.45,6.0545e-12,2.00384e-12,5.44141e-12,2.17656e-12,7.26715e-08,2.40519e-08,2.30422e-08,8.28356e-09,fsrq ,1.297,3FGL J1121.4-0554 ,3FGL J1121.4-0554 ,                       
128,1FLE J1324+2247,201.068588,22.793167,4.495993,81.390648,0.246427,3.324,6.00331e-12,1.9869e-12,6.44929e-12,2.57971e-12,7.20571e-08,2.38486e-08,2.28474e-08,9.81787e-09,fsrq ,0.943,3FGL J1321.0+2215 ,3FGL J1321.0+2215 ,                       
129,1FLE J0910+0159,137.643753,1.986513,228.528778,31.549091,0.245686,3.582,5.88772e-12,1.94865e-12,0.0,0.0,7.06698e-08,2.33894e-08,2.24075e-08,0.0,fsrq ,1.024,3FGL J0909.1+0121 ,3FGL J0909.1+0121 ,                       
130,1FLE J0213+0107,33.318512,1.133162,161.09169,-55.554955,0.24544,3.618,5.75655e-12,1.90523e-12,4.19541e-12,1.67816e-12,6.90953e-08,2.28683e-08,2.19083e-08,6.38675e-09,fsrq ,1.715,3FGL J0217.8+0143 ,3FGL J0217.8+0143 ,                       
